Ruby on Rails 6 超入門,掌田 津耶乃,1,3520,
The Grimoire of Marisa(グリモワール オブ マリサ),DNAメディアブックス,1,1650,
なんとか,foo,1,1340,
かんとか,bar,1,2222,
hogehoge,hoge books,1,1500,
fuwari,fuwafuwa books,1,2200,
Fragile,Yes,2,1352,
Anfang,Roselia,2,3520,
バンドリ! ガールズバンドパーティ! カバーコレクション Vol.1,Various Artists,2,1680,
Mafia,Fleshgod Apocalypse,2,1536,
Labyrinth,Fleshgod Apocalypse,2,1027,
シャークネード【Blu-ray】,ASYLUM,3,1486,
幻想万華鏡～春雪異変の章～BD版,満福神社,3,5000,
シン・ゴジラ,長谷川博己,3,2096,
Minecraft (PC/Mac 版),Mojang Studios,4,3300,
リングフィット アドベンチャー,Nintendo,4,8778,
不思議の幻想郷 -ロータスラビリンス,UNTIES,4,4660,
Lenovo ThinkPad L590,lenovo,5,104980,
NEC LAVIE Smart NS,NEC,5,52980,
ASUS ゲーミングノートパソコン TUF Gaming FX505DY,ASUS,5,79800,
LED電球 口金直径17mm 25W,アイリスオーヤマ,6,701,
超吸引 布団クリーナー,アイリスオーヤマ,6,6980,
サーキュレーター 8畳 首振り マカロン型,アイリスオーヤマ,6,2981,
モンスターエナジー 355mlx24本,モンスター,7,4083,
ドクターペッパー 500mlPET×24本,コカ・コーラ,7,2056,
ハリボー ハッピーコーラ 100g×10個,HARIBO,7,2136,
